"","x"
"1","PKNOX2"
"2","MEIS2"
"3","NFIA"
"4","NKX2-1"
"5","MEIS3"
"6","NKX2-3"
"7","NKX2-8"
"8","4-CACACAG"
"9","NKX2-4"
"10","MEIS1"
"11","3-ACAKAGCA"
"12","TGIF2"
"13","HIC2"
"14","HIC1"
"15","SCRT1"
"16","GATA5"
"17","POU4F2"
"18","NPAS2"
"19","10-CCAGAGT"
"20","TEAD1"
"21","NFIX"
"22","PLAGL1"
"23","NFIC"
"24","9-CCCAGC"
"25","MXI1"
"26","TEAD4"
"27","NFIB"
"28","HAND1::TCF3"
"29","NEUROG2"
"30","GATA2"
"31","MYF5"
"32","ZNF692"
"33","TGIF2LX"
"34","MYOD1"
"35","ASCL1"
"36","ZNF416"
"37","6-CTCTCAG"
"38","GATA1::TAL1"
"39","NEUROG1"
"40","TEAD3"
"41","7-ATGGGAG"
"42","MYF6"
"43","TWIST2"
"44","13-CTGTAAG"
"45","TCF4"
"46","BHLHA15"
"47","OLIG2"
"48","TGIF1"
"49","THAP1"
"50","NFYA"
"51","KLF16"
"52","BHLHA15"
"53","ZNF449"
"54","ZNF708"
"55","NKX2-2"
"56","NEUROD2"
"57","OLIG1"
"58","CTCFL"
"59","ZNF682"
"60","KLF4"
"61","ZNF816"
"62","ZNF574"
"63","PBX1"
"64","ZBTB18"
"65","NHLH1"
"66","NKX2-5"
"67","TGIF2LY"
"68","BHLHE22"
"69","ZNF331"
"70","BHLHE23"
"71","TFAP2A"
"72","ASCL2"
"73","ATOH7"
"74","ZBTB14"
"75","NKX3-2"
"76","ZNF454"
"77","ZIC2"
"78","VEZF1"
"79","KLF2"
"80","PTF1A"
"81","ZIC3"
"82","KLF9"
"83","SNAI1"
"84","RBPJL"
"85","NFYB"
"86","ISL2"
"87","TCF12"
"88","TBX3"
"89","ZNF324"
"90","ZNF211"
"91","ZNF354C"
"92","SNAI2"
"93","SP8"
"94","TFAP2B"
"95","CREB1"
"96","TFAP4"
"97","ZBTB6"
"98","MYC"
"99","OLIG2"
"100","NFYC"
"101","HES5"
"102","ZNF341"
"103","GLI2"
"104","ZEB1"
"105","SMAD4"
"106","KLF7"
"107","SP9"
"108","ZNF148"
"109","TBX6"
"110","ZIC1::ZIC2"
"111","E2F6"
"112","MYOG"
"113","SOX18"
"114","TEAD2"
"115","TCF12"
"116","TBR1"
"117","NR4A1"
"118","TFAP2C"
"119","PITX2"
"120","FIGLA"
"121","MSX3"
"122","POU3F4"
"123","TWIST1"
"124","TBX2"
"125","MSGN1"
"126","TBX5"
"127","ZNF530"
"128","GLI1"
"129","NEUROD1"
"130","HMX1"
"131","NFIC::TLX1"
"132","AHR::ARNT"
"133","PTF1A"
"134","FOXL1"
"135","RFX6"
"136","POU5F1B"
"137","OLIG3"
"138","TFDP1"
"139","ISX"
"140","TAL1::TCF3"
"141","EOMES"
"142","KLF1"
"143","GCM1"
"144","TBX15"
"145","ZFX"
"146","EBF1"
"147","ESR2"
"148","MSX1"
"149","MSC"
"150","PRDM9"
"151","HOXD3"
"152","ZNF317"
"153","ZIC4"
"154","GATA4"
"155","MAZ"
"156","KLF17"
"157","MLXIPL"
"158","TFCP2L1"
"159","SREBF2"
"160","HOXB6"
"161","ZFP335"
"162","HOXB5"
"163","NKX3-1"
"164","ZNF768"
"165","GCM2"
"166","HAND2"
"167","PKNOX1"
"168","TBX4"
"169","HOXA5"
"170","NKX6-1"
"171","EBF3"
"172","WT1"
"173","MNT"
"174","HES6"
"175","TCF3"
"176","ESX1"
"177","TCF7L2"
"178","ATOH1"
"179","VENTX"
"180","MEF2A"
"181","RORC"
"182","LBX1"
"183","NR4A2"
"184","DMRTC2"
"185","ARID3B"
"186","HOXB4"
"187","FOXJ2"
"188","HOXC8"
"189","LHX9"
"190","SOHLH2"
"191","RORA"
"192","MAX"
"193","MSX2"
"194","KLF6"
"195","HEY2"
"196","PPARG::RXRA"
"197","ZNF257"
"198","ARID3A"
"199","HOXB8"
"200","USF1"
"201","BSX"
"202","TBX1"
"203","GBX1"
"204","ZNF85"
"205","MNX1"
"206","DLX4"
"207","THAP11"
"208","HOXD8"
"209","E2F8"
"210","ZBTB26"
"211","HOXA2"
"212","SATB1"
"213","TBX21"
"214","NOBOX"
"215","TFEB"
"216","POU5F1"
"217","ZFP57"
"218","DLX5"
"219","ZNF701"
"220","NRL"
"221","ESRRB"
"222","DMRT3"
"223","ARNT::HIF1A"
"224","LHX4"
"225","DMRTA1"
"226","ZNF320"
"227","GATA6"
"228","SHOX"
"229","RARA::RXRG"
"230","KLF10"
"231","POU3F3"
"232","TFAP4::ETV1"
"233","ZKSCAN5"
"234","ZFP14"
"235","RUNX2"
"236","PDX1"
"237","MSANTD3"
"238","POU2F3"
"239","HOXB2"
"240","POU3F1"
"241","VAX1"
"242","NKX6-2"
"243","ALX3"
"244","LHX2"
"245","NR2C1"
"246","SIX3"
"247","ETV2::FIGLA"
"248","EMX1"
"249","HOXD4"
"250","GATA1"
"251","ARGFX"
"252","TBX20"
"253","EBF2"
"254","VSX2"
"255","HOXA10"
"256","ESRRA"
"257","ATF2"
"258","ZNF740"
"259","ZNF667"
"260","SHOX2"
"261","TCF21"
"262","ZNF93"
"263","LHX5"
"264","SRY"
"265","ZFP42"
"266","FOXH1"
"267","HOXA13"
"268","ZKSCAN3"
"269","KLF11"
"270","DLX2"
"271","ZNF214"
"272","ZBTB12"
"273","OSR2"
"274","HOXC4"
"275","ZBTB7C"
"276","NR5A1"
"277","EN1"
"278","PRRX2"
"279","DPRX"
"280","SOX14"
"281","ZNF354A"
"282","HOXD13"
"283","SP1"
"284","FOXD1"
"285","POU3F2"
"286","MAFB"
"287","KLF14"
"288","NR5A2"
"289","HOXB13"
"290","FOXE1"
"291","SOX2"
"292","OTX2"
"293","PRRX1"
"294","HMX2"
"295","GBX2"
"296","GFI1B"
"297","RHOXF1"
"298","PHOX2A"
"299","VSX1"
"300","NR2F2"
"301","ARID5A"
"302","PAX5"
"303","SNAI3"
"304","EMX2"
"305","LHX8"
"306","MEF2B"
"307","DLX3"
"308","HMX3"
"309","PLAGL2"
"310","FOXB1"
"311","SOX9"
"312","SOX17"
"313","THRB"
"314","POU4F1"
"315","NFIL3"
"316","SIX2"
"317","LHX1"
"318","SCRT2"
"319","PBX3"
"320","MGA"
"321","HNF1A"
"322","NOTO"
"323","SOX12"
"324","JUND"
"325","SPZ1"
"326","ZNF75D"
"327","VAX2"
"328","ZNF610"
"329","GATA3"
"330","NR2C2"
"331","EGR1"
"332","RAX"
"333","ZBTB32"
"334","DMRT1"
"335","POU2F1"
"336","BCL11B"
"337","ZBTB7A"
"338","KLF5"
"339","MIXL1"
"340","TBP"
"341","PPARA::RXRA"
"342","SOX10"
"343","NR1H3::RXRA"
"344","YY2"
"345","NR1H2"
"346","PRDM14"
"347","RARB"
"348","CREM"
"349","ONECUT2"
"350","DRGX"
"351","SOX5"
"352","POU4F3"
"353","DLX6"
"354","NR1D1"
"355","ZNF263"
"356","RARG"
"357","EN2"
"358","STAT5A"
"359","MYCN"
"360","HOXB7"
"361","ZNF707"
"362","FOXA3"
"363","TRPS1"
"364","ATF4"
"365","SP2"
"366","JUN"
"367","CREB3L4"
"368","TEF"
"369","PITX3"
"370","TFCP2"
"371","ESRRG"
"372","CEBPA"
"373","TCF21"
"374","KLF3"
"375","MEOX1"
"376","ZNF417"
"377","CDX2"
"378","ZNF382"
"379","SRF"
"380","NR6A1"
"381","SOX21"
"382","RARA::RXRA"
"383","SMAD5"
"384","TBXT"
"385","SOX3"
"386","HOXC10"
"387","CTCF"
"388","MGA::EVX1"
"389","FOXC2"
"390","RUNX1"
"391","TCF7L1"
"392","RAX2"
"393","SOX8"
"394","ETV6"
"395","IKZF3"
"396","FOXJ3"
"397","SOX15"
"398","HLF"
"399","FOXO4"
"400","SMAD2"
"401","HOXA6"
"402","UNCX"
"403","SP5"
"404","BARX1"
"405","SREBF1"
"406","ETV1"
"407","FOXD3"
"408","POU6F1"
"409","CRX"
"410","SOX13"
"411","CEBPG"
"412","FOXC1"
"413","ETV3"
"414","FOXA1"
"415","MAFF"
"416","NR1I3"
"417","BARHL2"
"418","ONECUT1"
"419","MITF"
"420","TFE3"
"421","RFX7"
"422","SP4"
"423","THRA"
"424","FOXI1"
"425","PAX7"
"426","FOXD2"
"427","EGR4"
"428","FOXO6"
"429","TBX19"
"430","ELF5"
"431","MEF2C"
"432","NR2F1"
"433","STAT4"
"434","TCF7"
"435","GSC2"
"436","MAX::MYC"
"437","ZNF582"
"438","PITX1"
"439","EVX2"
"440","FOXF1"
"441","EVX1"
"442","FOXA2"
"443","OTX1"
"444","NR1H4"
"445","GSX1"
"446","RBPJ"
"447","ZNF8"
"448","FOSL1::JUN"
"449","RUNX3"
"450","SOX4"
"451","FOSB::JUN"
"452","LBX2"
"453","RHOX11"
"454","DLX1"
"455","HNF4A"
"456","FOXG1"
"457","TFEC"
"458","VDR"
"459","RELB"
"460","STAT2"
"461","ZNF384"
