"","Peakid","SNPS","gene"
"1","chr1.10736684.10737808","rs880315","-"
"2","chr1.109274953.109276202","rs629301","PSRC1"
"3","chr1.109274953.109276202","rs660240","PSRC1"
"4","chr1.11792123.11792871","rs17375901","CLCN6"
"5","chr1.154839629.154839995","rs34292822","-"
"6","chr1.170224576.170224916","rs12122060","PRRX1"
"7","chr1.170224576.170224916","rs72700114","PRRX1"
"8","chr1.236688731.236689166","rs12724121","-"
"9","chr10.103720444.103721025","rs35176054","-"
"10","chr10.20953148.20953475","rs7910227","-"
"11","chr10.73660865.73661568","rs10824026","FUT11;SYNPO2l-AS1"
"12","chr10.79139073.79139940","rs1769758","-"
"13","chr11.117037235.117037719","rs7115242","ENSG00000254851;ENSG00000280143"
"14","chr11.19988504.19989024","rs1822273","-"
"15","chr11.19988504.19989024","rs2625322","-"
"16","chr11.19988504.19989024","rs4757877","-"
"17","chr12.106865628.106866040","rs7977247","TMEM263-DT"
"18","chr13.21536977.21537596","rs11841562","-"
"19","chr15.73374622.73375198","rs7172038","-"
"20","chr16.2214289.2215681","rs77316573","BRICD5;PGP"
"21","chr16.53768577.53768944","rs11642015","-"
"22","chr16.719886.721785","rs76064792","-"
"23","chr16.72877300.72877905","rs7197197","-"
"24","chr16.73053526.73053880","rs9930504","-"
"25","chr17.7510984.7512510","rs2071502","CHRNB1"
"26","chr17.7718045.7718289","rs3803802","-"
"27","chr18.58289003.58291154","rs10871753","-"
"28","chr18.60067561.60068151","rs7234864","-"
"29","chr2.178547784.178549172","rs3731748","FKBP7"
"30","chr2.178846382.178846751","rs2220127","-"
"31","chr2.86367009.86367615","rs72926475","PLGLB1"
"32","chr20.6590860.6591642","rs2145274","-"
"33","chr21.34746498.34746999","rs2834618","KCNE1"
"34","chr22.46417011.46418228","rs148416395","-"
"35","chr22.46417011.46418228","rs190258023","-"
"36","chr3.14232390.14233136","rs56281979","-"
"37","chr3.38725644.38726351","rs6801957","SCN10A"
"38","chr3.49173142.49174143","rs7617480","GMPPB;WDR6;NCKIPSD;NICN1;RBM6;AMT;QRICH1;IHO1"
"39","chr4.10102598.10102907","rs12640611","WDR1"
"40","chr4.110609067.110609930","rs72656974","-"
"41","chr4.110793293.110793943","rs2220427","-"
"42","chr4.148015916.148016422","rs10213171","-"
"43","chr4.22625204.22625843","rs112577387","-"
"44","chr5.139426247.139426836","rs11242465","DNAJC18;SPATA24;PROB1;SLC23A1"
"45","chr6.118252411.118253042","rs281868","-"
"46","chr6.36678380.36679788","rs3176326","CDKN1A"
"47","chr7.116545872.116546373","rs3807989","CAV2;ENSG00000279086"
"48","chr7.150954727.150956459","rs2269001","-"
"49","chr8.11641900.11643102","rs35620480","-"
