"","Peakid","RSID","HLVgene"
"1","chr1.173473597.173473889","rs10753081","DARS2"
"2","chr1.173473597.173473889","rs10798282","DARS2"
"3","chr1.19632021.19632489","rs7523079","-"
"4","chr1.19640454.19641134","rs7522389","-"
"5","chr1.19640454.19641134","rs7523079","-"
"6","chr1.19644587.19645224","rs7522389","-"
"7","chr1.19644587.19645224","rs7523079","-"
"8","chr10.16792579.16793007","rs7068265","-"
"9","chr10.16792579.16793007","rs7068881","-"
"10","chr10.76209088.76209420","rs7094302","-"
"11","chr11.124863016.124863456","rs5017048","-"
"12","chr11.124863016.124863456","rs7111513","-"
"13","chr11.133816825.133817041","rs10894749","-"
"14","chr11.36420818.36421386","rs1365120","-"
"15","chr12.120375976.120377013","rs2238161","-"
"16","chr13.91724572.91724918","rs342715","-"
"17","chr14.55721341.55721700","rs2184559","-"
"18","chr16.13378005.13378513","rs1468171","-"
"19","chr16.13378005.13378513","rs886218","-"
"20","chr18.58336709.58336869","rs12051934","-"
"21","chr18.58336709.58336869","rs4058287","-"
"22","chr2.12759282.12759669","rs13397389","-"
"23","chr2.12759282.12759669","rs13413220","-"
"24","chr2.12759282.12759669","rs7596623","-"
"25","chr2.12765186.12765568","rs13397389","-"
"26","chr2.12765186.12765568","rs13413220","-"
"27","chr2.12766229.12766820","rs13397389","-"
"28","chr2.12766229.12766820","rs13413220","-"
"29","chr2.176079429.176080980","rs6752623","-"
"30","chr2.176092671.176093517","rs6752623","-"
"31","chr2.41038390.41038934","rs6746423","-"
"32","chr2.77457604.77458071","rs12614202","-"
"33","chr2.77457604.77458071","rs17014128","-"
"34","chr22.46225398.46226192","rs11090819","PKDREJ"
"35","chr22.46225398.46226192","rs4253763","PKDREJ"
"36","chr22.46233211.46233644","rs11090819","PKDREJ"
"37","chr22.46233211.46233644","rs4253763","PKDREJ"
"38","chr5.102947036.102947471","rs11952361","EIF3KP1"
"39","chr5.102947036.102947471","rs3776874","EIF3KP1"
"40","chr5.102947036.102947471","rs6860588","EIF3KP1"
"41","chr5.102947036.102947471","rs6871111","-"
"42","chr5.102958513.102959837","rs11952361","EIF3KP1"
"43","chr6.71712533.71713167","rs1204328","-"
"44","chr7.116499279.116500903","rs17138749","ENSG00000279086"
"45","chr7.134834642.134835353","rs7777356","-"
"46","chr8.141153462.141154625","rs428300","-"
"47","chr8.141169884.141170504","rs428300","-"
"48","chr8.141171450.141172822","rs428300","-"
"49","chr8.20115130.20115538","rs12548222","-"
"50","chr8.20124535.20125136","rs12548222","-"
"51","chr8.67468763.67469036","rs11779485","-"
"52","chr8.67468763.67469036","rs7820882","-"
"53","chr8.67481465.67482210","rs11779485","-"
"54","chr8.67481465.67482210","rs7820882","-"
"55","chr8.67503991.67504420","rs4737838","-"
"56","chr8.67503991.67504420","rs7827961","-"
"57","chr8.67512294.67512634","rs4737838","-"
"58","chr8.69455933.69456585","rs12545665","-"
