"","id","annotation","SNPS","CHR_POS","MRC","seqnames","start","end","width","strand","V7","V8","NG_start","end_position","entrezgene_id","ensembl_gene_id","hgnc_symbol","dist_to_NG"
"1","chr3.49173142.49174143","Promoter (<=1kb)","rs7617480",49173299,"ESR","chr3",49173142,49174143,1003,"*","3",49171597,49171598,49176486,200942,"ENSG00000185909","KLHDC8B",-1544
"2","chr6.36678380.36679788","Promoter (<=1kb)","rs3176326",36679512,"ESR","chr6",36678380,36679788,1410,"*","6",36676459,36676460,36687337,1026,"ENSG00000124762","CDKN1A",-1920
"3","chr1.109274953.109276202","3' UTR","rs660240",109275216,"LR","chr1",109274953,109276202,1251,"*","1",109279555,109279556,109283186,84722,"ENSG00000134222","PSRC1",3354
"4","chr1.109274953.109276202","3' UTR","rs629301",109275684,"LR","chr1",109274953,109276202,1251,"*","1",109279555,109279556,109283186,84722,"ENSG00000134222","PSRC1",3354
"5","chr1.236688731.236689178","Promoter (1-2kb)","rs12724121",236688982,"LR","chr1",236688731,236689178,449,"*","1",236664140,236664141,236764631,88,"ENSG00000077522","ACTN2",-24590
"6","chr2.178846382.178846751","Intron (ENST00000652826.1/105373766, intron 1 of 5)","rs2220127",178846649,"LR","chr2",178846382,178846751,371,"*","2",178829756,178829757,179050137,285025,"ENSG00000163492","CCDC141",-16625
"7","chr3.14232390.14233136","Distal Intergenic","rs56281979",14232793,"LR","chr3",14232390,14233136,748,"*","3",14178816,14178817,14201122,27258,"ENSG00000170860","LSM3",-53573
"8","chr4.22625204.22625843","Distal Intergenic","rs112577387",22625658,"LR","chr4",22625204,22625843,641,"*","4",22345070,22345071,22516066,166647,"ENSG00000152990","ADGRA3",-280133
"9","chr5.139426247.139426836","Promoter (<=1kb)","rs11242465",139426616,"LR","chr5",139426247,139426836,591,"*","5",139408587,139408588,139444491,202052,"ENSG00000170464","DNAJC18",-17659
"10","chr11.117037235.117037719","Intron (ENST00000445177.6/23387, intron 1 of 24)","rs7115242",117037567,"LR","chr11",117037235,117037719,486,"*","11",117144283,117144284,117176894,5049,"ENSG00000168092","PAFAH1B2",106565
"11","chr12.106865628.106866040","Intron (ENST00000392839.6/55188, intron 8 of 8)","rs7977247",106865692,"LR","chr12",106865628,106866040,414,"*","12",106955718,106955719,106978778,90488,"ENSG00000151135","TMEM263",89679
"12","chr16.719886.721785","Promoter (<=1kb)","rs76064792",720886,"LR","chr16",719886,721785,1901,"*","16",720580,720581,722590,65990,"ENSG00000103254","ANTKMT",0
"13","chr16.53768577.53768944","Intron (ENST00000636491.1/79068, intron 2 of 9)","rs11642015",53768582,"LR","chr16",53768577,53768944,369,"*","16",53701691,53701692,54158512,79068,"ENSG00000140718","FTO",-66885
"14","chr18.58289003.58291257","Promoter (<=1kb)","rs10871753",58289633,"LR","chr18",58289003,58291257,2256,"*","18",58481246,58481247,58629091,115701,"ENSG00000198796","ALPK2",189990
"15","chr18.60067561.60068151","Distal Intergenic","rs7234864",60067625,"LR","chr18",60067561,60068151,592,"*","18",59899995,59899996,59904305,5366,"ENSG00000141682","PMAIP1",-167565
"16","chr22.46417011.46418228","Intron (ENST00000262738.9/9620, intron 5 of 34)","rs190258023",46417046,"LR","chr22",46417011,46418228,1219,"*","22",46360833,46360834,46537620,9620,"ENSG00000075275","CELSR1",-56177
"17","chr22.46417011.46418228","Intron (ENST00000262738.9/9620, intron 5 of 34)","rs148416395",46417215,"LR","chr22",46417011,46418228,1219,"*","22",46360833,46360834,46537620,9620,"ENSG00000075275","CELSR1",-56177
"18","chr2.27262237.27263756","Promoter (<=1kb)","rs6759518",27263727,"NR","chr2",27262237,27263756,1521,"*","2",27253683,27253684,27275817,7781,"ENSG00000115194","SLC30A3",-8553
"19","chr2.36922199.36922493","Intron (ENST00000263918.9/6801, intron 2 of 17)","rs11124554",36922355,"NR","chr2",36922199,36922493,296,"*","2",36968382,36968383,37084372,54497,"ENSG00000008869","HEATR5B",45890
"20","chr3.123019226.123019547","Intron (ENST00000357599.8/54437, intron 1 of 22)","rs7632505",123019460,"NR","chr3",123019226,123019547,323,"*","3",123067024,123067025,123225227,10954,"ENSG00000065485","PDIA5",47478
"21","chr6.42087754.42088697","Downstream (<=300bp)","rs79661299",42088268,"NR","chr6",42087754,42088697,945,"*","6",42092232,42092233,42142620,647024,"ENSG00000188112","C6orf132",3536
"22","chr8.124847104.124848853","Promoter (<=1kb)","rs34866937",124847608,"NR","chr8",124847104,124848853,1751,"*","8",124998496,124998497,125022283,6713,"ENSG00000104549","SQLE",149644
"23","chr12.26194928.26196665","Promoter (<=1kb)","rs113819537",26195496,"NR","chr12",26194928,26196665,1739,"*","12",26121990,26121991,26299290,8082,"ENSG00000123096","SSPN",-72937
"24","chr12.75895398.75895669","Intron (ENST00000552856.1/105369844, intron 1 of 4)","rs114782882",75895517,"NR","chr12",75895398,75895669,273,"*","12",76025446,76025447,76031776,22822,"ENSG00000139289","PHLDA1",129778
"25","chr18.23574050.23574545","Intron (ENST00000269228.10/4864, intron 1 of 24)","rs1788826",23574060,"NR","chr18",23574050,23574545,497,"*","18",23598925,23598926,23662911,147463,"ENSG00000154065","ANKRD29",24381
"26","chr19.41439501.41440141","Promoter (<=1kb)","rs13346603",41439932,"NR","chr19",41439501,41440141,642,"*","19",41431317,41431318,41440717,55101,"ENSG00000105341","DMAC2",-8183
"27","chr21.14118943.14119390","Intron (ENST00000690295.1/105377134, intron 3 of 3)","rs57346421",14119015,"NR","chr21",14118943,14119390,449,"*","21",14371114,14371115,14383484,6782,"ENSG00000155304","HSPA13",251725
