"","0bp","2bp","4bp","6bp","8bp","10bp","12bp","14bp","16bp","18bp","20bp","22bp","24bp","26bp","28bp","30bp","32bp","34bp","36bp","38bp","40bp","42bp","44bp","46bp","48bp","50bp"
"trimmed_Ind1_75DA24h_S7_R1",9,161,673,112,636,136,310,247,732,2925,5341,6005,19103,143722,224904,288373,465862,1079577,2037700,2210057,2774071,2309164,2073212,2569178,0,"26339013.0"
"trimmed_Ind1_75DA24h_S7_R2",8,157,670,110,621,132,307,241,714,2852,5266,5932,18942,143006,223973,287119,463796,1075235,2030728,2202898,2766667,2304607,2069409,2563966,0,"26383867.0"
"trimmed_Ind1_75DA3h_S1_R1",25,281,479,87,626,220,1918,202,518,2134,4486,4396,9037,114321,196980,206765,369548,951402,2172055,2372818,2725850,2541624,2513938,2931887,0,"31108714.0"
"trimmed_Ind1_75DA3h_S1_R2",24,281,479,87,621,214,1914,190,513,2079,4402,4338,8931,113770,196208,206004,368068,947950,2165022,2366032,2719778,2537341,2509379,2924229,0,"31152457.0"
"trimmed_Ind1_75DX24h_S8_R1",26,203,561,99,548,145,949,206,587,2275,4688,4771,10870,141574,221751,251116,399510,977524,2034687,2165794,2806942,2367395,2207564,2629353,0,"27055328.0"
"trimmed_Ind1_75DX24h_S8_R2",25,201,558,98,534,142,945,194,572,2203,4558,4702,10711,140694,220581,249728,397304,972954,2026400,2157217,2798264,2360958,2202307,2622761,0,"27109855.0"
"trimmed_Ind1_75DX3h_S2_R1",42,314,663,105,490,206,1845,142,350,1926,3792,4333,8720,97531,173409,191754,337356,886619,2005269,2198895,2681566,2409013,2325921,2732955,0,"28417624.0"
"trimmed_Ind1_75DX3h_S2_R2",42,312,661,104,482,206,1843,140,344,1892,3731,4308,8630,97201,172849,191105,336152,883610,1999348,2192540,2676516,2405913,2323430,2727492,0,"28451989.0"
"trimmed_Ind1_75E24h_S9_R1",41,313,1645,252,915,278,1361,173,314,1551,3009,3119,9035,97982,164501,228965,419269,940345,1765381,1870107,2454155,2057067,1933253,2442583,0,"28362153.0"
"trimmed_Ind1_75E24h_S9_R2",38,310,1641,251,915,278,1352,168,307,1491,2941,3046,8927,97474,163689,227909,417334,936116,1758932,1863395,2447708,2052691,1929787,2436199,0,"28404868.0"
"trimmed_Ind1_75E3h_S3_R1",51,512,804,149,879,343,2563,85,223,785,1524,1926,4233,75914,124331,121520,244709,632827,1501535,1789731,1990925,1946705,1963847,2440693,0,"30578403.0"
"trimmed_Ind1_75E3h_S3_R2",49,513,796,148,873,343,2555,85,220,762,1486,1900,4200,75589,123911,121038,243722,630695,1497419,1784838,1988281,1946720,1964095,2430030,0,"30604949.0"
"trimmed_Ind1_75M24h_S10_R1",21,256,1146,296,984,242,917,261,904,3946,7478,8419,18965,112466,184310,259011,568080,1266406,2160986,2253526,2568697,2439267,2310341,2664360,0,"25295370.0"
"trimmed_Ind1_75M24h_S10_R2",22,252,1143,297,979,248,921,257,895,3893,7392,8359,18903,112442,184162,258773,567325,1265291,2160192,2252087,2575453,2452655,2321096,2668004,0,"25265614.0"
"trimmed_Ind1_75M3h_S4_R1",37,207,284,58,339,144,1679,58,137,687,1279,1640,3579,58668,89463,78341,170635,514061,1340832,1604376,1694155,1635111,1689176,2103546,0,"23359331.0"
"trimmed_Ind1_75M3h_S4_R2",37,208,283,58,337,143,1676,58,132,673,1266,1623,3561,58608,89372,78231,170269,513287,1338994,1602300,1695727,1640006,1692846,2105652,0,"23352476.0"
"trimmed_Ind1_75T24h_S11_R1",367,1156,3812,499,1399,1058,7870,329,509,2015,4539,4072,8744,133808,235150,284294,417399,991106,1995389,2213651,3219766,2171524,1903479,2224406,0,"23766591.0"
"trimmed_Ind1_75T24h_S11_R2",358,1146,3808,500,1389,1046,7833,320,507,1956,4445,3998,8657,133145,234159,283112,415704,987259,1988715,2206666,3211920,2167827,1900730,2216372,0,"23811360.0"
"trimmed_Ind1_75T3h_S5_R1",117,314,374,122,421,303,5197,126,213,991,2005,2216,4663,62329,99438,101926,175418,479844,1184350,1343221,1713831,1502909,1459509,1846893,0,"22516794.0"
"trimmed_Ind1_75T3h_S5_R2",116,316,375,121,421,301,5205,127,208,965,1996,2198,4653,62419,99676,102194,175598,480089,1184914,1343413,1722896,1519581,1472282,1855412,0,"22468048.0"
"trimmed_Ind1_75V24h_S12_R1",192,749,925,191,619,376,3921,148,267,1424,3132,2835,6529,127985,190421,207512,388542,992559,2118800,2131224,2801923,2465412,2358800,2727857,0,"27282018.0"
"trimmed_Ind1_75V24h_S12_R2",187,738,925,191,600,378,3899,144,263,1345,3057,2773,6447,127235,189477,206407,386519,988062,2110482,2123067,2793736,2459262,2354693,2723488,0,"27330986.0"
"trimmed_Ind1_75V3h_S6_R1",98,665,622,131,687,418,3521,107,144,532,1024,1349,3087,61255,84064,68469,144413,431682,1107169,1286271,1317031,1292151,1362520,1786566,0,"24730283.0"
"trimmed_Ind1_75V3h_S6_R2",98,664,617,128,685,419,3495,109,142,521,1014,1334,3063,61012,83749,68225,143822,430122,1103454,1282302,1313828,1289737,1360328,1781358,0,"24754033.0"
"trimmed_Ind2_87DA24h_S7_R1",13,50,92,47,258,41,129,81,172,755,1459,1531,3177,29327,58514,80500,175634,420768,824317,923270,1101992,1073594,1095091,1211193,1165996,"37474244.0"
"trimmed_Ind2_87DA24h_S7_R2",13,50,91,45,256,46,126,78,169,732,1415,1506,3122,29178,58328,80126,174972,419672,822539,921066,1099940,1061881,1093011,1207831,1164479,"37501573.0"
"trimmed_Ind2_87DA3h_S1_R1",11,80,219,70,287,90,494,123,324,1495,3241,3183,6603,54991,98755,120251,246721,631493,1294052,1447825,1739934,1643517,1624267,1682718,1429690,"37734597.0"
"trimmed_Ind2_87DA3h_S1_R2",11,81,220,75,285,89,491,108,317,1427,3161,3107,6501,54815,98346,119726,245683,629602,1290334,1443714,1735201,1624485,1619419,1679996,1429840,"37777997.0"
"trimmed_Ind2_87DX24h_S8_R1",6,41,38,21,163,28,138,50,122,568,1069,1273,2627,25626,46627,52780,114094,295455,645524,740160,874000,867519,909075,1059939,1117453,"41208733.0"
"trimmed_Ind2_87DX24h_S8_R2",6,39,38,21,162,28,138,51,123,546,1052,1244,2622,25557,46503,52603,113666,294734,644004,738054,871954,857584,906860,1056155,1115729,"41233656.0"
"trimmed_Ind2_87DX3h_S2_R1",2,44,124,46,240,57,263,124,283,1231,2691,2683,5731,44666,79116,99786,206022,519361,1066298,1191510,1429698,1338255,1335072,1411131,1203710,"33280651.0"
"trimmed_Ind2_87DX3h_S2_R2",2,44,122,45,238,56,260,119,274,1186,2640,2648,5628,44476,78798,99293,205126,517763,1063468,1188052,1426315,1322445,1331829,1409595,1204679,"33313694.0"
"trimmed_Ind2_87E24h_S9_R1",1,8,23,15,144,35,128,50,95,581,838,857,2042,15009,30851,38941,82355,204799,419471,491955,596603,595251,624655,763042,898834,"33110160.0"
"trimmed_Ind2_87E24h_S9_R2",1,8,23,15,141,34,129,48,95,569,829,839,2031,14946,30778,38762,82085,204351,418625,490793,595249,588756,623686,761163,897471,"33125316.0"
"trimmed_Ind2_87E3h_S3_R1",7,16,52,14,124,27,116,87,215,882,1991,1879,4304,32091,58562,70118,147277,396032,835918,959687,1197414,1158684,1181195,1301366,1251798,"37909637.0"
"trimmed_Ind2_87E3h_S3_R2",7,15,52,16,121,29,114,88,213,853,1953,1869,4258,32008,58399,69889,146767,395124,834112,957358,1195180,1145680,1178878,1298495,1249705,"37938310.0"
"trimmed_Ind2_87M24h_S10_R1",3,9,26,18,123,25,28,39,149,618,1272,1174,3313,28070,49330,66846,175864,421826,802623,930626,1045259,1093349,1155020,1318094,1247981,"39224268.0"
"trimmed_Ind2_87M24h_S10_R2",3,8,25,19,125,25,26,41,144,590,1257,1133,3224,27947,49141,66515,175098,420372,800292,927725,1042577,1080328,1151164,1313494,1247721,"39256959.0"
"trimmed_Ind2_87M3h_S4_R1",10,7,16,7,202,32,27,126,258,864,2059,1504,3364,37244,58701,73539,167124,435562,926319,1009603,1251217,1266638,1303384,1405395,1334666,"37270004.0"
"trimmed_Ind2_87M3h_S4_R2",10,7,14,7,202,32,26,117,260,815,2022,1467,3312,37082,58483,73198,166413,434108,923851,1006767,1248639,1252786,1300495,1402083,1332041,"37303635.0"
"trimmed_Ind2_87T24h_S11_R1",8,44,31,15,121,36,169,23,72,299,744,794,1615,16978,27417,30992,67105,175956,403041,463609,590162,599712,634618,774512,919417,"37517362.0"
"trimmed_Ind2_87T24h_S11_R2",8,45,31,15,119,36,170,23,72,287,726,776,1592,16977,27371,30916,66946,175649,402429,462591,589146,594402,634855,772700,917773,"37529197.0"
"trimmed_Ind2_87T3h_S5_R1",16,60,53,36,166,47,215,67,177,663,1369,1320,2751,25188,41078,50353,110934,289982,642212,724622,897604,875986,900966,1007760,992716,"32065126.0"
"trimmed_Ind2_87T3h_S5_R2",16,60,52,36,165,47,211,67,175,635,1352,1302,2724,25110,40928,50106,110612,289134,640626,722591,895563,866387,899375,1006456,990431,"32087306.0"
"trimmed_Ind2_87V24h_S12_R1",42,117,47,55,323,131,1161,120,252,828,1720,1464,2676,31185,51754,61216,123641,313431,683519,759811,954171,829252,833214,940172,956510,"31582021.0"
"trimmed_Ind2_87V24h_S12_R2",41,116,47,53,322,129,1161,118,240,799,1678,1426,2608,31105,51532,60876,123125,312549,681846,757656,952003,819477,831294,937000,953781,"31607851.0"
"trimmed_Ind2_87V3h_S6_R1",7,24,51,12,148,32,101,67,141,667,1617,1286,2639,33934,50887,53013,106401,292003,710058,803943,998006,974354,1012816,1124002,1050038,"31836776.0"
"trimmed_Ind2_87V3h_S6_R2",7,24,52,13,146,35,103,64,139,642,1592,1260,2622,33834,50778,52806,106041,291203,708485,802065,996075,963529,1010993,1122018,1048482,"31860015.0"
"trimmed_Ind3_77DA24h_S7_R1",1,14,27,8,52,8,72,23,71,254,463,538,1121,12649,24084,27442,54499,139553,310857,375372,460615,453715,489365,630154,774564,"33926238.0"
"trimmed_Ind3_77DA24h_S7_R2",1,14,27,8,53,7,73,22,70,245,453,519,1095,12644,24099,27433,54547,139615,311351,375490,461154,471055,506861,648846,793506,"33852571.0"
"trimmed_Ind3_77DA3h_S1_R1",4,34,10,2,52,9,153,19,38,188,489,487,1256,33555,52496,43555,72655,180332,474278,608851,731193,783566,870083,1130310,1424960,"64739114.0"
"trimmed_Ind3_77DA3h_S1_R2",4,36,10,2,50,7,151,21,39,180,482,472,1218,33366,52201,43328,72168,179525,472930,606454,729018,802484,889921,1153291,1456894,"64653437.0"
"trimmed_Ind3_77DX24h_S8_R1",2,16,10,3,64,18,81,17,57,308,591,697,1455,13439,23625,27085,48217,126689,312342,389942,518858,502267,540979,704828,848027,"34989118.0"
"trimmed_Ind3_77DX24h_S8_R2",2,16,10,3,64,19,79,16,58,290,570,686,1431,13376,23491,26938,47999,126236,311637,388673,517567,514656,553840,718374,866712,"34935992.0"
"trimmed_Ind3_77DX3h_S2_R1",7,37,7,2,36,15,81,25,15,74,169,177,458,13860,21125,15899,27157,68104,183785,245333,284595,317426,361841,530731,794494,"40890636.0"
"trimmed_Ind3_77DX3h_S2_R2",7,39,6,2,35,15,81,25,14,72,166,178,460,13834,21068,15855,27046,67799,183444,244740,284243,325808,371142,544058,811708,"40844244.0"
"trimmed_Ind3_77E24h_S9_R1",1,24,14,9,137,38,209,58,71,400,790,730,1657,18452,34480,41229,82228,216413,495233,595815,761375,710431,737997,887156,951278,"35952707.0"
"trimmed_Ind3_77E24h_S9_R2",1,23,14,9,134,38,209,58,72,373,778,716,1619,18370,34267,41023,81892,215534,494132,593902,759403,728177,755463,905973,971920,"35884832.0"
"trimmed_Ind3_77E3h_S3_R1",7,24,3,0,34,9,159,17,28,103,273,267,697,18076,27977,21433,37286,95853,265403,355432,405103,443453,498840,698661,963993,"46304944.0"
"trimmed_Ind3_77E3h_S3_R2",7,24,3,0,34,7,157,19,26,98,263,267,690,18010,27832,21364,37082,95472,264749,354064,403839,454165,510715,712812,985170,"46251206.0"
"trimmed_Ind3_77M24h_S10_R1",2,3,7,8,107,10,27,32,97,315,908,898,2302,13610,23259,29757,69007,169823,334225,416713,495375,518777,556550,698691,815274,"32352965.0"
"trimmed_Ind3_77M24h_S10_R2",2,3,7,8,103,10,25,34,90,294,867,858,2210,13507,23049,29487,68542,169074,333319,415046,493679,531393,569575,713765,834813,"32298982.0"
"trimmed_Ind3_77M3h_S4_R1",1,11,1,0,17,7,52,17,29,54,131,131,360,11693,19608,16874,30136,77702,219589,307735,385994,438381,504578,710586,973273,"45734493.0"
"trimmed_Ind3_77M3h_S4_R2",1,10,0,0,16,8,51,16,28,52,130,127,350,11635,19491,16823,29963,77339,218922,306521,384741,448904,516041,724644,995868,"45679772.0"
"trimmed_Ind3_77T24h_S11_R1",9,58,20,8,97,44,527,38,58,192,419,451,993,13367,20386,20728,46407,127739,317575,368373,463238,484516,529736,677137,811037,"37044499.0"
"trimmed_Ind3_77T24h_S11_R2",9,58,18,8,97,45,526,35,54,182,411,444,981,13306,20264,20648,46165,127253,316898,367147,462065,497104,542702,690063,829011,"36992158.0"
"trimmed_Ind3_77T3h_S5_R1",10,46,6,11,48,17,300,31,28,54,133,188,502,17053,25257,18721,32023,77683,206560,266574,306761,335574,371302,509707,702549,"35909153.0"
"trimmed_Ind3_77T3h_S5_R2",10,46,7,11,48,17,300,29,27,50,130,184,497,17024,25167,18681,31875,77475,206227,265758,306332,344408,380581,520386,719620,"35865401.0"
"trimmed_Ind3_77V24h_S12_R1",19,55,51,15,206,83,1021,65,68,405,905,760,1552,22093,33891,37120,74633,189932,440650,540026,731238,632677,621725,727787,752660,"26515252.0"
"trimmed_Ind3_77V24h_S12_R2",19,54,52,15,204,83,1028,66,68,388,844,731,1496,22027,33798,36974,74411,189530,440314,539244,730512,651990,639593,745313,772351,"26443784.0"
"trimmed_Ind3_77V3h_S6_R1",19,111,63,25,90,23,237,28,51,267,454,516,1291,18792,28901,28100,52027,122471,270493,331014,388763,406177,447393,618556,824912,"41312499.0"
"trimmed_Ind3_77V3h_S6_R2",16,109,63,26,88,25,235,29,49,260,450,508,1277,18694,28756,27982,51771,122012,269960,329945,388146,416712,458332,631481,843176,"41263171.0"
"trimmed_Ind4_79DA24h_S7_R1",31,100,92,41,191,44,146,26,85,412,843,791,1955,43913,64593,47546,82906,192981,459862,564304,612094,676776,782507,1515016,0,"36917879.0"
"trimmed_Ind4_79DA24h_S7_R2",31,99,91,41,191,44,145,26,86,408,841,780,1949,43818,64474,47416,82640,192389,458511,562760,608154,669667,773981,1501242,0,"36955350.0"
"trimmed_Ind4_79DA3h_S1_R1",59,234,752,235,827,178,740,285,823,2984,6072,6712,14313,121250,193576,217784,432984,969061,1835276,2024573,2261632,2217240,2237916,2992130,0,"41767400.0"
"trimmed_Ind4_79DA3h_S1_R2",54,228,748,229,819,178,737,278,814,2940,6028,6673,14263,120959,193023,217253,431822,966592,1830835,2020061,2247873,2194831,2216442,2965821,0,"41865535.0"
"trimmed_Ind4_79DX24h_S8_R1",50,143,125,33,188,12,303,29,74,210,476,435,1144,33722,49472,38587,72323,181901,455463,558402,603367,671585,760720,1347385,0,"34421542.0"
"trimmed_Ind4_79DX24h_S8_R2",49,141,125,32,188,12,303,30,74,203,474,429,1129,33578,49319,38472,72095,181392,454441,556939,599580,665270,753192,1331932,0,"34458292.0"
"trimmed_Ind4_79DX3h_S2_R1",154,238,379,187,739,106,312,67,201,816,1791,1902,3790,36990,59324,63862,125142,302334,690795,882922,1017800,1074484,1165427,1818372,0,"31552512.0"
"trimmed_Ind4_79DX3h_S2_R2",142,225,372,187,731,110,311,62,200,801,1774,1883,3761,37001,59261,63787,125024,302020,690076,881646,1014456,1068626,1157303,1802192,0,"31588695.0"
"trimmed_Ind4_79E24h_S9_R1",49,244,120,60,193,69,687,20,43,187,345,346,1121,31267,43835,32335,62336,164421,407595,498668,528658,585190,688016,1375007,0,"38598788.0"
"trimmed_Ind4_79E24h_S9_R2",49,240,116,59,193,66,690,19,43,178,340,335,1099,31178,43673,32228,62040,163959,406317,496754,525072,578849,680799,1363098,0,"38632206.0"
"trimmed_Ind4_79E3h_S3_R1",68,227,253,129,549,100,307,71,221,893,1870,1945,4207,50083,74708,70843,139896,351666,800653,952816,1046855,1087195,1164400,1832317,0,"35914339.0"
"trimmed_Ind4_79E3h_S3_R2",65,228,248,129,548,99,306,69,220,882,1856,1925,4146,49992,74549,70692,139622,350797,798855,950836,1040992,1076487,1153280,1818847,0,"35960941.0"
"trimmed_Ind4_79M24h_S10_R1",10,24,41,6,40,4,24,7,7,66,142,157,426,11322,18043,13953,23072,57060,166171,238359,270026,317479,391763,1078271,0,"38444028.0"
"trimmed_Ind4_79M24h_S10_R2",10,25,41,6,41,4,24,7,6,67,143,156,417,11263,17968,13920,22975,56902,165616,237539,267892,314491,388244,1067287,0,"38465457.0"
"trimmed_Ind4_79M3h_S4_R1",146,335,204,124,670,73,183,40,119,511,1127,927,2283,44638,59986,40764,73078,201982,561810,726802,760257,824035,944219,1679681,0,"36040613.0"
"trimmed_Ind4_79M3h_S4_R2",130,317,197,124,658,73,183,39,117,502,1114,918,2278,44507,59805,40588,72859,201418,560335,725098,755378,815480,934432,1664658,0,"36083399.0"
"trimmed_Ind4_79T24h_S11_R1",31,153,45,28,117,11,229,12,10,61,177,211,601,17069,24895,17800,30586,75210,204943,274684,302457,350962,439158,1200631,0,"42497848.0"
"trimmed_Ind4_79T24h_S11_R2",31,152,45,28,115,11,230,12,9,58,175,208,595,17027,24806,17725,30469,74927,204212,273791,300201,346478,434486,1191763,0,"42520375.0"
"trimmed_Ind4_79T3h_S5_R1",116,351,152,113,520,69,216,45,174,623,1676,1340,2967,63512,87745,60530,102770,276727,795462,1073571,1143420,1216423,1380415,2322022,0,"44897263.0"
"trimmed_Ind4_79T3h_S5_R2",110,340,148,114,512,71,211,44,171,603,1647,1314,2911,63238,87385,60283,102348,275591,792715,1070108,1135514,1202390,1366459,2301194,0,"44962801.0"
"trimmed_Ind4_79V24h_S12_R1",47,177,79,34,148,34,436,14,20,147,310,300,831,26352,37931,26392,43932,110226,293827,383144,402717,454990,537528,1173851,0,"35013277.0"
"trimmed_Ind4_79V24h_S12_R2",47,176,79,34,148,34,438,14,20,146,307,298,834,26401,38025,26443,43981,110219,293873,383300,402811,454705,536313,1167123,0,"35020975.0"
"trimmed_Ind4_79V3h_S6_R1",76,188,141,103,404,47,109,24,123,632,1363,1115,2368,47544,64719,43928,71932,204816,650624,927568,987774,1044619,1190105,1875725,0,"30315617.0"
"trimmed_Ind4_79V3h_S6_R2",75,182,141,104,401,47,109,22,124,621,1360,1091,2343,47507,64631,43883,71804,204370,649477,925964,983270,1036537,1181836,1863274,0,"30352491.0"
"trimmed_Ind5_78DA24h_S7_R1",12,35,26,5,52,33,154,26,46,169,416,405,1085,14018,21476,19335,44756,125696,316547,418729,464299,513423,620326,1491454,0,"42846799.0"
"trimmed_Ind5_78DA24h_S7_R2",12,35,26,5,51,30,154,25,45,165,414,402,1088,13983,21437,19259,44595,125278,315813,417610,463034,512336,619431,1489877,0,"42854217.0"
"trimmed_Ind5_78DA3h_S1_R1",65,577,95,47,223,105,1540,114,131,382,936,891,3059,35452,55649,66442,102317,226851,556515,738149,847329,936491,1032675,1826574,0,"43410858.0"
"trimmed_Ind5_78DA3h_S1_R2",64,569,93,47,221,101,1535,111,134,376,923,887,3035,35316,55509,66253,102022,226339,555764,737228,846435,936208,1032497,1822776,0,"43419024.0"
"trimmed_Ind5_78DX24h_S8_R1",2,26,4,4,91,15,98,18,67,293,597,513,1235,28051,41158,29919,51635,132196,355161,468256,514168,564979,639125,1256099,0,"32782696.0"
"trimmed_Ind5_78DX24h_S8_R2",2,26,4,4,91,15,98,18,67,295,597,513,1226,28020,41175,29919,51655,132115,355011,468091,514839,566778,640476,1251139,0,"32784232.0"
"trimmed_Ind5_78DX3h_S2_R1",58,219,136,65,190,90,908,202,74,344,734,764,2228,31251,50271,57327,94263,201306,521368,739800,861419,956880,1062677,1881487,0,"43720427.0"
"trimmed_Ind5_78DX3h_S2_R2",58,212,135,65,190,90,908,201,73,332,728,758,2220,31170,50126,57182,94120,200845,520392,738617,860350,955080,1061360,1880854,0,"43728422.0"
"trimmed_Ind5_78E24h_S9_R1",25,114,54,18,187,46,457,36,77,308,564,588,1504,24003,34290,28191,62195,169844,431732,549231,587722,638317,731679,1383852,0,"35405724.0"
"trimmed_Ind5_78E24h_S9_R2",25,114,54,17,184,47,456,37,75,298,563,581,1500,23970,34259,28163,62121,169673,431373,548662,587606,638901,732085,1382031,0,"35407963.0"
"trimmed_Ind5_78E3h_S3_R1",90,664,85,53,259,157,2604,118,100,358,885,920,2356,30208,46580,46973,84739,212527,516401,661560,767654,842616,918911,1618925,0,"40005967.0"
"trimmed_Ind5_78E3h_S3_R2",90,660,84,53,260,157,2605,117,100,354,887,920,2341,30183,46512,46893,84585,212000,515467,660542,766838,841388,917109,1610944,0,"40020621.0"
"trimmed_Ind5_78M24h_S10_R1",5,5,10,0,119,12,12,32,92,285,838,611,1944,15685,25919,25691,54046,128613,263344,354079,424783,480659,595761,1504341,0,"43276971.0"
"trimmed_Ind5_78M24h_S10_R2",1,5,10,0,114,10,12,32,94,284,830,613,1928,15645,25879,25657,53954,128345,262794,353467,424359,479983,594315,1503003,0,"43282523.0"
"trimmed_Ind5_78M3h_S4_R1",1,3,4,1,0,5,70,16,7,3,8,6,15,16,67,55,232,77,402,133,293,338,865,9142,14494,"17260.0	17833.0	14742.0	14039.0	20238.0	34383.0	55328.0	97712.0	168143.0	204547.0	223080.0	239456.0	259954.0	274495.0	288020.0	304766.0	333268.0	359584.0	453082.0	860583.0	0.0	0.0	31381690.0"
"trimmed_Ind5_78M3h_S4_R2",1,3,4,1,0,5,70,16,7,3,8,7,15,14,68,52,229,77,397,128,300,339,855,9160,14507,"17301.0	17883.0	14779.0	14051.0	20287.0	34392.0	55306.0	97729.0	168121.0	204592.0	223134.0	239405.0	260134.0	276368.0	290170.0	306534.0	335542.0	361693.0	455546.0	864306.0	0.0	0.0	31364917.0"
"trimmed_Ind5_78T24h_S11_R1",77,285,80,50,232,117,1233,43,83,365,716,627,1239,25567,32691,26070,65973,182414,466889,597295,633689,691867,803148,1559081,0,"39037123.0"
"trimmed_Ind5_78T24h_S11_R2",77,281,79,49,230,116,1228,42,82,359,714,616,1232,25521,32599,25989,65802,181962,465856,596364,632540,690733,802006,1558759,0,"39043718.0"
"trimmed_Ind5_78T3h_S5_R1",48,378,45,21,141,142,2372,148,60,143,357,390,1037,12540,19224,26016,42581,93424,239129,325219,397216,441141,504805,1136355,0,"35071614.0"
"trimmed_Ind5_78T3h_S5_R2",47,376,45,21,141,142,2367,147,62,139,356,385,1036,12514,19191,25963,42490,93207,238583,324520,396687,440739,504431,1131101,0,"35079856.0"
"trimmed_Ind5_78V24h_S12_R1",251,1006,212,79,406,277,3371,57,85,340,823,863,2105,28216,40335,36605,91557,256702,631526,775096,845372,928481,1061975,1815238,0,"43020622.0"
"trimmed_Ind5_78V24h_S12_R2",242,994,207,80,404,277,3346,55,86,339,818,853,2078,28076,40165,36398,91211,255830,629655,772769,842868,925559,1059559,1812266,0,"43037465.0"
"trimmed_Ind5_78V3h_S6_R1",757,7596,908,202,525,503,5467,116,48,256,494,579,1189,23475,38403,36140,91222,250654,668588,858208,948372,1023216,1140505,1823949,0,"34421680.0"
"trimmed_Ind5_78V3h_S6_R2",752,7513,898,194,527,497,5466,116,49,247,481,564,1170,23365,38307,36028,90953,249943,666902,855934,945812,1020807,1138224,1821490,0,"34436813.0"
"trimmed_Ind6_71DA24h_S7_R1",7,60,18,17,146,27,163,47,123,523,1115,1055,2269,32776,56800,53750,102588,266642,607388,707781,835005,891547,981918,1084916,1013343,"34419365.0"
"trimmed_Ind6_71DA24h_S7_R2",7,58,18,17,146,29,166,47,123,515,1102,1050,2243,32679,56662,53651,102284,266034,606159,706186,833432,886048,979635,1083401,1012074,"34435623.0"
"trimmed_Ind6_71DA3h_S1_R1",12,58,10,8,188,23,123,35,109,517,1136,1147,2367,41616,62969,62797,143758,358366,805083,886068,990983,1023461,1099579,1237755,1111650,"36265524.0"
"trimmed_Ind6_71DA3h_S1_R2",12,57,10,8,188,24,121,33,104,511,1120,1129,2339,41497,62752,62590,143224,357360,803234,883785,988783,1015870,1095830,1234772,1112162,"36287827.0"
"trimmed_Ind6_71DX24h_S8_R1",18,90,5,13,107,19,234,44,134,525,1012,1128,2103,36559,58379,53394,99708,270704,727814,872703,1029639,1083996,1156077,1234477,990055,"29958753.0"
"trimmed_Ind6_71DX24h_S8_R2",18,90,4,13,103,19,233,43,133,513,999,1119,2071,36451,58226,53238,99417,270094,726367,870641,1027783,1076878,1153299,1230959,989126,"29979853.0"
"trimmed_Ind6_71DX3h_S2_R1",13,106,30,22,212,17,136,44,145,505,1167,948,1904,32576,53003,54949,132253,333437,760328,842166,922715,957405,1022432,1155499,1049855,"37796057.0"
"trimmed_Ind6_71DX3h_S2_R2",13,103,30,22,214,18,136,44,143,500,1148,941,1881,32489,52884,54788,131902,332870,759069,840535,921198,951878,1020565,1153603,1049548,"37811402.0"
"trimmed_Ind6_71E24h_S9_R1",45,304,27,29,130,66,665,31,49,264,565,518,1265,22582,34575,31912,71385,202784,493377,567790,659942,711282,791437,938457,959689,"37875871.0"
"trimmed_Ind6_71E24h_S9_R2",44,300,27,29,130,64,661,33,49,259,566,507,1251,22512,34484,31819,71208,202396,492320,566531,658707,707021,789653,934612,959564,"37890294.0"
"trimmed_Ind6_71E3h_S3_R1",12,67,29,15,131,26,133,28,90,420,886,722,1743,42124,62287,60026,142182,347610,793410,900991,981777,1034252,1112835,1254161,1116863,"35793393.0"
"trimmed_Ind6_71E3h_S3_R2",12,65,29,15,129,24,132,29,88,415,882,719,1718,42002,62129,59851,141788,346872,791936,899132,980196,1028049,1110347,1252102,1115470,"35812082.0"
"trimmed_Ind6_71M24h_S10_R1",18,94,46,33,233,18,115,43,221,732,1481,1086,2354,37305,53875,46285,118030,341431,824178,957816,972114,1004890,1104360,1274691,1075628,"33188547.0"
"trimmed_Ind6_71M24h_S10_R2",18,94,46,32,232,20,115,44,219,716,1452,1078,2333,37193,53795,46136,117680,340704,822539,955952,970612,998449,1101522,1272586,1074373,"33207684.0"
"trimmed_Ind6_71M3h_S4_R1",6,50,16,6,184,33,70,51,143,644,1132,1367,2832,46091,68233,75383,167235,409244,904886,966070,1134706,1156879,1195977,1304660,1125331,"36896826.0"
"trimmed_Ind6_71M3h_S4_R2",6,47,16,6,182,35,70,51,142,615,1113,1328,2790,45912,68029,75068,166660,408198,902604,963536,1132226,1148298,1192449,1300050,1124232,"36924392.0"
"trimmed_Ind6_71T24h_S11_R1",12,86,6,8,58,26,274,16,28,137,310,256,560,13617,20326,18108,41542,123199,320191,378238,439385,477864,534083,670629,745670,"31915904.0"
"trimmed_Ind6_71T24h_S11_R2",12,86,6,10,59,26,274,16,28,134,308,257,557,13606,20321,18095,41474,123071,319928,377729,439231,476784,534827,670064,747312,"31916318.0"
"trimmed_Ind6_71T3h_S5_R1",9,60,34,7,167,32,118,31,72,352,759,707,1659,35600,47877,46565,106686,259057,585011,627174,702103,728580,780642,899018,841725,"30210979.0"
"trimmed_Ind6_71T3h_S5_R2",9,60,34,7,164,31,119,31,69,348,746,703,1646,35572,47844,46500,106579,258785,584360,626392,701371,725572,780462,897872,842436,"30217312.0"
"trimmed_Ind6_71V24h_S12_R1",59,316,24,21,167,66,1013,65,114,454,953,899,1869,31211,47305,44522,88721,245387,631025,700519,845490,871720,935348,1057402,969652,"33342336.0"
"trimmed_Ind6_71V24h_S12_R2",58,320,23,22,167,66,1011,63,112,442,947,897,1847,31139,47238,44404,88535,244860,629885,699109,844103,866291,933347,1054854,970030,"33356888.0"
"trimmed_Ind6_71V3h_S6_R1",12,93,32,10,213,28,170,16,98,366,733,701,1533,37101,55874,57240,143311,357541,794810,856448,949316,997552,1060784,1165933,1012120,"35116405.0"
"trimmed_Ind6_71V3h_S6_R2",12,92,32,10,211,28,170,16,98,360,720,698,1505,37003,55763,57065,143004,356824,793402,854655,947797,991159,1057871,1163852,1010340,"35135753.0"
